Time,filename,pred_label,pred_score
17:12:46,ISIC_0074311.jpg,benign,99.99732971191406
17:12:47,ISIC_0076262.jpg,benign,99.99479055404663
17:12:49,ISIC_0098198.jpg,benign,99.99464750289917
17:12:50,ISIC_0100550.jpg,benign,99.99884366989136
