Time,filename,pred_label,pred_score
17:19:33,ISIC_0074311.jpg,benign,99.99732971191406
17:19:34,ISIC_0076262.jpg,benign,99.99479055404663
17:19:35,ISIC_0098198.jpg,benign,99.99464750289917
17:19:37,ISIC_0100550.jpg,benign,99.99884366989136
