Time,filename,pred_label,pred_score
17:34:58,ISIC_0074311.jpg,benign,99.99732971191406
17:35:00,ISIC_0076262.jpg,benign,99.99479055404663
17:35:01,ISIC_0098198.jpg,benign,99.99464750289917
17:35:02,ISIC_0100550.jpg,benign,99.99884366989136
