Time,filename,pred_label,pred_score
20:39:52,ISIC_0074311.jpg,benign,[[9.999733e-01 2.673265e-05]]
20:39:53,ISIC_0076262.jpg,benign,[[9.9994791e-01 5.2036157e-05]]
20:39:58,ISIC_0098198.jpg,benign,[[9.9994648e-01 5.3537155e-05]]
20:40:00,ISIC_0100550.jpg,benign,[[9.9998844e-01 1.1551774e-05]]
